Xiaomi Redmi A3 3GB RAM | 64GB ROM 6.71 Inches HD+ 90HZ Display 5000mAH Battery 2 SIM Dual Camera (4G) Black | 1 year Local warranty,3.5 out of 5 stars,63 ratings,In Stock
NA,NA,NA,NA
Xiaomi Redmi Note 12 Dual SIM Smartphone with 8GB RAM 128GB ROM 4G LTE Connectivity High-Resolution Display Powerful Performance and Sleek Design in Onyx Gray for a Superior Mobile Experience,4.1 out of 5 stars,25316 ratings,In Stock
NA,NA,NA,NA
Amazon Essentials Men's Digital Chronograph Black Resin Strap Water Resistant Watch,4.3 out of 5 stars,743 ratings,In Stock
NA,NA,NA,NA
NA,NA,NA,NA
NA,NA,NA,NA
NA,NA,NA,NA
NA,NA,NA,NA
NA,NA,NA,NA
NA,NA,NA,NA
NA,NA,NA,NA
NA,NA,NA,NA
LUENX Aviator Sunglasses for Men Square Polarized Polygon Lens - UV 400 Protection with Accessories 61MM Driving Outdoor,4.5 out of 5 stars,4587 ratings,In Stock
NA,NA,NA,NA
NA,NA,NA,NA
NA,NA,NA,NA
NA,NA,NA,NA
SAMSUNG Galaxy S24 Ultra Cell Phone 512GB AI Smartphone Unlocked Android 50MP Zoom Camera Long Battery Life S Pen US Version 2024 Titanium Gray 12G ram,4.5 out of 5 stars,226 ratings,Only 3 left in stock - order soon.
Google Pixel 8 Pro 5G | Unlocked Dual SIM (nano-SIM eSIM) | 6.7-inch Android Smartphone (256GB + 12GB RAM Obsidian),4.3 out of 5 stars,429 ratings,Only 1 left in stock - order soon.
NA,NA,NA,NA
NA,NA,NA,NA
NA,NA,NA,NA
NA,NA,NA,NA
NA,NA,NA,NA
NA,NA,NA,NA
NA,NA,NA,NA
dreame X40 Ultra Robotic Vacuum with Removable & Liftable Mop 12000Pa Suction Side Brush Extensive Cleaning 158? Mop & Washboard Self Cleaning Auto-Empty Auto Refill liftable Brushes,4.2 out of 5 stars,134 ratings,In Stock
NA,NA,NA,NA
NA,NA,NA,NA
NA,NA,NA,NA
NA,NA,NA,NA
NA,NA,NA,NA
NA,NA,NA,NA
NA,NA,NA,NA
NA,NA,NA,NA
NA,NA,NA,NA
NA,NA,NA,NA
NA,NA,NA,NA
Shark Pet Cordless Stick Vacuum with XL Dust Cup LED Headlights Removable Handheld Vac Crevice Tool Portable Vacuum for Household Pet Hair Carpet and Hard Floors 40min Runtime Grey IX141,4.3 out of 5 stars,12417 ratings,In Stock
NA,NA,NA,NA
HANPOSH Mens Digital Watch Ultra-Thin Minimalist Sports Waterproof Outdoor LED Screen Large Face Military Watches for Men With LED Back Ligh/Alarm/Date stopwatch Army Watch Fashion Wrist Watch for Men Women,3.9 out of 5 stars,298 ratings,In Stock
NA,NA,NA,NA
NA,NA,NA,NA
NA,NA,NA,NA
NA,NA,NA,NA
NA,NA,NA,NA
NA,NA,NA,NA
NA,NA,NA,NA
NA,NA,NA,NA
NA,NA,NA,NA
NA,NA,NA,NA
NA,NA,NA,NA
NA,NA,NA,NA
NA,NA,NA,NA
NA,NA,NA,NA
NA,NA,NA,NA
NA,NA,NA,NA
NA,NA,NA,NA
ETAMOON Wireless Gaming Controller compatible with XBox 360 Xbox One PS3 Windows PC Linux Connection USB Charging LED Backlight (Black-green) Dual Shock,3.2 out of 5 stars,24 ratings,In Stock
NA,NA,NA,NA
NA,NA,NA,NA
NA,NA,NA,NA
NA,NA,NA,NA
NA,NA,NA,NA
NA,NA,NA,NA
NA,NA,NA,NA
NA,NA,NA,NA
HANPOSH Mens Digital Watch Ultra-Thin Minimalist Sports Waterproof Outdoor LED Screen Large Face Military Watches for Men With LED Back Ligh/Alarm/Date stopwatch Army Watch Fashion Wrist Watch for Men Women,3.9 out of 5 stars,298 ratings,In Stock
NA,NA,NA,NA
NA,NA,NA,NA
NA,NA,NA,NA
NA,NA,NA,NA
NA,NA,NA,NA
NA,NA,NA,NA
NA,NA,NA,NA
NA,NA,NA,NA
NA,NA,NA,NA
NA,NA,NA,NA
NA,NA,NA,NA
NA,NA,NA,NA
NA,NA,NA,NA
HANPOSH Mens Digital Watch Ultra-Thin Minimalist Sports Waterproof Outdoor LED Screen Large Face Military Watches for Men With LED Back Ligh/Alarm/Date stopwatch Army Watch Fashion Wrist Watch for Men Women,3.9 out of 5 stars,298 ratings,In Stock
Xbox Core Wireless Gaming Controller – Carbon Black – Xbox Series X|S Xbox One Windows PC Android and iOS,4.6 out of 5 stars,77302 ratings,Available to ship in 1-2 days
NA,NA,NA,NA
Xiaomi Redmi A3 3GB RAM | 64GB ROM 6.71 Inches HD+ 90HZ Display 5000mAH Battery 2 SIM Dual Camera (4G) Black | 1 year Local warranty,3.5 out of 5 stars,63 ratings,In Stock
NA,NA,NA,NA
Xiaomi Redmi Note 12 Dual SIM Smartphone with 8GB RAM 128GB ROM 4G LTE Connectivity High-Resolution Display Powerful Performance and Sleek Design in Onyx Gray for a Superior Mobile Experience,4.1 out of 5 stars,25316 ratings,In Stock
Google Pixel 8 Pro 5G | Unlocked Dual SIM (nano-SIM eSIM) | 6.7-inch Android Smartphone (256GB + 12GB RAM Obsidian),4.3 out of 5 stars,429 ratings,Only 1 left in stock - order soon.
NA,NA,NA,NA
NA,NA,NA,NA
NA,NA,NA,NA
NA,NA,NA,NA
NA,NA,NA,NA
NA,NA,NA,NA
NA,NA,NA,NA
NA,NA,NA,NA
NA,NA,NA,NA
NA,NA,NA,NA
LUENX Aviator Sunglasses for Men Square Polarized Polygon Lens - UV 400 Protection with Accessories 61MM Driving Outdoor,4.5 out of 5 stars,4587 ratings,In Stock
NA,NA,NA,NA
NA,NA,NA,NA
NA,NA,NA,NA
NA,NA,NA,NA
